Date,Microsoft,Google,Amazon,Oracle,Meta,CoreWeave,Nebius,Applied Digital,IREN,Core Scientific,DigitalOcean,NVIDIA,AMD,Broadcom,Marvell,Qualcomm,Arm,Intel,Micron,SanDisk,Western Digital,Seagate,NetApp,TSMC,ASML,Applied Materials,Lam Research,KLA,Teradyne,ASM International,Tokyo Electron,Palantir,ServiceNow,Salesforce,Adobe,Snowflake,Datadog,MongoDB,Cloudflare,CrowdStrike,Palo Alto Networks,Zscaler,GitLab,Atlassian,NextEra Energy,Constellation Energy,Vistra,Southern Company,Duke Energy,American Electric Power,Dominion Energy,Vertiv,Eaton,GE Vernova,Quanta Services,Hubbell,Schneider Electric,Arista Networks,Cisco,Credo Technology,Astera Labs,Coherent,Lumentum,Ciena,Amphenol
2025-12-09,14696100,30194000,25841700,17643600,12997100,34362200,10060000,31545900,30778400,10347100,2485300,144719700,25166100,24546000,23037400,7719100,2303400,61877200,17067100,6299000,3709900,2072700,1271900,11349100,904700,4062600,8127000,7827000,1871400,5200,62600,18937600,4894500,8045900,4267700,6129200,2824600,1234100,1905500,8143200,3193500,1518200,3844000,1863700,13760400,1359900,3939500,6830100,2929700,2196400,4456500,6414700,2149700,3017500,744900,357359,367100,5227900,15737500,4881600,5018900,3995700,4494300,3288500,5597300
2025-12-10,35756200,33428900,38790700,47928000,16910900,26553900,10080700,18524000,32084700,6521900,1414700,162785400,23279400,31531000,22573600,11100100,1765800,75974900,21960700,6090400,7966000,3617400,1976000,12429200,1093600,6244600,9259600,7119000,2057200,10800,82000,59398000,8460500,8894700,6789900,9177800,2281600,1719400,2931700,9437200,4715800,1692700,4268200,1918500,13341100,2382200,5778100,8528200,3366400,3241300,6792200,5301300,2554100,11396400,1057700,467933,303800,5921300,21302700,9031600,2947500,4188500,5333100,3822200,6758800
2025-12-11,24669200,42353700,28249600,100612700,13056700,26922800,11896100,21150900,26514600,7127300,1443400,182136600,30694600,45681600,16593500,6319200,4227500,59096800,18867000,7622500,7468900,3176300,1845200,15028400,1403600,7061200,10000000,9223000,2507100,4400,216000,36843200,7037000,7783800,10158700,4932400,2692400,1314000,2316100,8006000,5776100,1294300,3470500,1510500,9494100,2530300,6197100,6262600,2992300,3171500,6554400,11321100,2405600,4830900,716600,572950,891500,6679500,18652300,7089000,5541100,5474400,3394000,8607300,7248000
2025-12-12,21248100,35940200,35639100,55201600,14016900,35221400,14990600,24669600,35607100,12713200,1101000,204274900,37073900,95588500,21576300,8865800,3965900,87784500,25936900,12083200,9677900,5255600,1489200,19306100,1623000,6739300,11414800,11439000,4163300,7500,157700,42427400,7495000,6006600,5483900,3900700,3725100,1260100,2109600,10710800,5352700,1880900,2747700,1438200,7783100,3778600,5870200,4796100,2955700,2671700,7601200,12512200,3921900,5225700,1497000,1177643,571100,8508700,16672300,7997700,10324300,7353000,6869100,4664500,13261000
2025-12-15,23727700,29151900,47286100,43897500,15549100,31357600,17138600,43525300,47434800,13451100,1903800,164775600,27222200,65894900,11953300,6954700,6924800,60898500,27483600,6265000,5781900,3465600,1355800,12082400,1283400,6406000,10258800,12584000,3223300,5400,98100,32796100,29629000,10271800,5480100,5275700,3823900,2066200,2033800,8739600,6660300,1820000,3077200,2711700,9489800,2628800,4287400,6826800,3797200,3031100,6858700,8861400,2569000,3529600,1564400,571492,269900,6441900,17646000,5586500,5503000,4507400,4708500,2686500,8042400
2025-12-16,20705600,30585000,39298900,32433500,14309100,36004000,13847800,33022900,44868200,24484900,2155700,148588100,23467600,58061100,9483800,7136000,6198800,50490300,22577300,6638400,5857000,3091000,1755800,11418400,956300,5859700,8078600,7355000,3711500,9600,59500,42070300,16672500,6145300,4118200,4793300,4047300,1758400,2157800,7034800,5757200,2247800,3457400,1588800,6616600,2496800,4190100,6579500,3222300,2706000,7027200,7808700,2527100,3572200,988000,486525,196800,6656100,17737200,4778400,3551000,4319600,4921000,2727100,7901700
2025-12-17,24527200,43930400,44034400,50222000,15598500,48237300,17064100,29286300,33031700,20262200,1602800,222775500,31595400,73300900,16662700,8501900,8686600,54792000,41957100,8232300,6693100,3514100,2070900,16823000,2140900,7855400,12277800,9138000,3577500,4600,82600,50424700,11774500,6269000,4371600,2945100,3790000,1349800,2147200,9269200,5758300,1730100,3692800,3488800,10212000,4598000,6902900,8995400,4436700,3808900,9188200,11959800,7694400,6770100,1556700,599833,512100,8589200,26094400,4786900,4513500,4582800,4164200,2365600,12047300
2025-12-18,28573500,33518000,50272400,36297300,20260300,34161600,10345800,31804200,36087300,15181000,1370300,176096000,29720100,54501900,12732100,8967500,5194900,69468400,65006100,9924100,9147100,3730500,2405400,11260300,1645400,8741200,14006400,10565000,2754700,5300,91700,40221500,9644000,5654200,3352700,4823200,4380200,1957700,1875300,7340400,7224300,1505900,2941900,2193600,9201300,3773200,7652500,5553400,4611000,4794800,11093100,7773800,3826600,4426500,1099300,597282,216500,5515200,19249400,5374200,3374700,4707800,3966400,3057100,8009200
2025-12-19,70836100,59943200,85544400,77008600,49977100,70583000,17558700,38058900,30827100,20619000,2326200,324925900,58445500,159095200,21722200,25223500,7854500,163221300,62312100,10925000,36269600,24731300,3799800,12735800,2319600,25749700,38469400,21561000,7880500,5200,94300,76929400,25257500,20732100,8706300,6288800,6302900,1407400,4360800,18650800,19050300,3695000,5026800,4378500,30492300,5429500,7141800,11300700,6898600,7322400,10159800,9716400,7357000,4489100,1602500,989476,299500,12713100,84881900,9664800,9627000,4441000,4410200,4528300,17537500
2025-12-22,16963000,26429900,32261300,27148000,15659400,23984300,11303100,23209100,34981800,9699700,1244800,129064400,24950700,28739600,9871000,6422100,7754300,51685400,30961900,8663400,8685200,4340400,1791500,6091100,703700,4182000,11436100,6045000,2756500,7100,87300,36686000,11120300,5664200,2960800,2789200,3049000,1375600,2694700,9213200,4982500,1553000,3717800,1372900,7136200,1390300,4379200,5245900,2477200,3049000,18834500,5688100,2080400,2694300,772900,335520,222600,5547300,18016100,5094100,4824700,3380000,3125500,2811400,5349000
2025-12-23,14683600,25478700,29230200,18301600,8486800,22239800,8885700,17906900,22761100,5394800,1013400,174873600,20272300,28232600,12334100,4690400,7045300,35958000,20767600,5305700,3721100,2084400,1394000,6802300,543600,3791500,6483000,6007000,1344900,3700,48000,24041000,12572500,4745100,3052500,3986800,3084500,843900,1452900,8212000,3371300,1093100,2864600,1864100,7875000,1404300,3772000,4319300,3627800,2918000,8862900,3220400,2196900,1997600,562600,374354,316000,2884300,16712600,3091900,2505700,2052300,1627000,1802100,4807000
2025-12-24,5855900,10097400,11420500,9282700,5627500,11922600,3338000,7859800,10710700,2464400,510200,65528500,7956800,11424400,5335300,1645300,2160500,37443800,18592600,5642600,3067000,1474900,507200,2753900,229800,1279500,2598900,2103000,713100,2300,26200,11710100,3896800,2076600,1166500,1677400,2005400,341300,738600,2980400,1829300,606800,1391600,439000,3011300,628400,1342200,1617500,1060600,1057700,3079300,1335200,766500,1110900,306400,117064,214400,1642400,9104400,1956400,1280000,1566300,1522400,833200,2162400
2025-12-26,8842200,10899000,15994700,11262000,7133800,14073500,6234600,15491900,20249600,4726600,552100,139740300,15792600,15028100,5001000,2442800,3054300,28779400,17878500,5553700,3351600,1063800,759200,5125900,363800,1836000,5238900,3374000,1247800,4200,55500,26262000,5450500,2456400,1455100,1763700,1256400,532900,1107700,4602800,2527600,553900,1628200,865700,3636400,758100,2317500,2308500,1440300,1896100,4342400,2532800,1100800,1155300,279200,163815,177700,2308400,10158000,2727500,2089500,1707600,1585300,946900,2667800
2025-12-29,10893400,19621800,19797900,14748100,8506500,14033100,8076100,16678600,22027500,6347800,1495100,120006100,20326900,21946900,9677700,3978400,3347700,38062300,26642900,5706200,3906300,2537400,1186100,6205100,424300,2601600,6663300,6415000,1717900,7200,46100,28242000,7157700,4300100,2794000,2073000,2095800,1506500,1425800,5258400,2660000,1223100,2522300,1260700,5854600,1575600,2856100,3491000,2489100,1814700,6530000,3075200,1948700,2186100,503100,253069,305000,6199700,17941800,2828700,1939500,2023200,2965700,1755600,4376800
2025-12-30,13944500,17380900,21910500,14197400,9187500,13291800,5802300,25504900,19073000,6201800,1199400,97687300,16409600,16633600,9583000,3429300,3616900,61935300,23056400,6617000,6008000,1873600,1002100,6190600,807300,2185100,5670800,3843000,1989400,2900,352200,23336300,5110600,3291800,2252600,1593300,1615000,921500,761000,4672400,2847600,736100,2418900,1092200,4075900,1198700,2220600,2975100,1834800,6956400,4061400,3764300,1727000,1207000,465100,223008,201400,4081100,13952200,2182700,2401600,1259500,1610100,1163000,3551700
2025-12-31,15601600,16377700,24383700,10341500,7940400,18122800,7055900,29076400,20982400,5345500,969000,120100500,17591600,15346100,7234100,4682600,3455600,51524700,17573800,4180400,3552200,1316800,1079600,8175100,561300,3025800,4935800,6080000,1193900,4000,74000,22997400,5256100,3367900,2116200,2249300,1603900,835800,1277200,6644000,3253100,993700,2429400,1372600,5036200,1234600,1845100,3234300,1973900,1579400,3370800,2575500,1553900,1259900,521200,249495,107200,3821600,13570500,2521600,2438500,2170000,1595000,1170200,3303200
2026-01-02,25571600,32009400,51456200,14540700,13726500,30050000,9099500,36069500,30533300,11724200,1099000,148240500,36446200,25398600,14987500,6532200,6711800,95396400,42604300,11104300,6808300,2731000,1829900,18526900,2697900,7553200,11957400,8321000,3224100,7400,290900,60634100,9896600,9680600,5643500,3464200,2565800,2555100,1662800,13300000,6909600,1694800,5545200,2673900,8852900,2330100,3838400,4273600,2619600,3906700,5675200,7348200,2559600,2741800,887000,526279,318500,4707400,15749800,5797600,5658900,3515100,2819300,1985000,7178600
2026-01-05,25250300,30195600,49733300,22635500,12213700,27206500,10025600,34572600,47924800,11269400,2432100,183529700,31941100,31136000,21328400,8972200,6859500,96665400,34608600,9812600,9826700,3350300,1702200,17446300,3290600,10398700,16268200,13199000,4271600,8300,218500,39511700,9854900,6421500,5012100,4986900,3828000,1669100,2227600,10462800,6582900,1312700,4100900,4158700,8301900,3097300,4385200,4947700,4310300,3894400,5283800,5860200,3381700,2446600,1184700,516251,419300,9691900,16328800,8056400,7579600,5235400,5787800,3215900,10179300
2026-01-06,23037700,31212100,53764700,16474500,11074400,25473300,18739600,30638800,38993600,11305600,2848100,176862600,40033200,27135500,24322700,11033900,3290100,66395100,48732400,24249700,17178400,5563900,2648600,15599600,1895800,7237900,18787600,11414000,3377900,7000,101800,34838600,6428200,6103300,3187400,5208600,3631000,1740100,2485200,9360400,5959300,1535200,5019400,2990300,7254500,2448400,6577500,5034100,3303700,2535800,6171000,7813700,3246600,2490800,807400,465801,1365400,8004000,17017200,7360800,8028800,4647500,5619700,3456200,12854600
2026-01-07,25564200,35104400,42236500,11171200,12846300,14413400,10185800,43957700,21816500,6343000,2096200,153543200,29715500,20249300,17230800,9853000,5117600,166028400,32781100,14886100,14305000,5179200,2383000,11744800,1351200,6148400,15121000,9045000,2518400,3900,147000,45349000,6195600,5976200,3183100,2916900,5865000,1381800,2155600,15868400,7613600,2135400,4381000,2683400,9859900,2812100,9433200,3134800,3227800,2557000,7836500,5205600,3166100,2601100,716400,489622,582500,7550700,20347400,9879300,5045900,3064300,4716300,3220700,8294900
2026-01-08,18162600,31896100,39509800,19468500,11921700,20472200,12952000,91307400,34060200,6006900,2925100,172457000,27505000,24385200,10695900,8353500,4701000,88242000,33897700,21404400,11902300,4826000,2978900,10850800,1682300,5500700,13928600,9485000,3141800,6200,349100,47304300,7426100,5243500,3107700,4348700,5476900,1578400,3871800,9822000,6451300,2006600,5115000,4094800,8696700,4114300,6866800,4076300,3214100,3230800,5570100,7684900,4582300,4310100,1376800,577911,444900,8944200,17192200,6231100,3936000,5985000,5137300,4574100,6971100
2026-01-09,18491000,26214200,34560000,26152700,11634900,26303200,11735300,86363400,41300400,8587700,1435000,131327500,24217300,22482500,13486300,9662200,5292900,186691400,33387500,19353200,9887700,3187100,1446700,12325100,2394500,9427600,16758600,11024000,2569900,3600,616900,31362900,11845400,5174400,3250100,4650000,7057700,1191000,2683500,9590000,5306500,1592800,4037300,3705400,5842200,5908000,14316000,3152100,2884800,2867700,4880700,5665300,2690000,3105800,1028600,422407,321000,8989700,19104100,7517300,4093700,5456500,5914400,2772100,5192100
2026-01-12,23519900,33923900,35867800,25428500,14797200,43610500,16033500,50577900,53225800,15387400,2574700,137968500,27287300,20949600,10146600,13657600,4443100,101989100,23152600,14603900,7465400,3066100,2027000,12714800,1488600,6612800,10749100,8556000,2448100,3700,126900,34954500,9900000,4927700,3541400,3345000,6778900,1087800,2436200,7755600,4281400,1380900,6403900,2515500,11088100,2485200,7189100,5749000,3007800,3437400,11453900,4181100,2166600,2828900,746600,340178,269300,8795900,20985700,4636500,4439100,5984600,5803900,2240000,10134300
2026-01-13,28545800,33517600,38371800,15857400,18030400,20414100,10405200,32424400,42181900,9179500,1900000,160128900,56894900,18308000,9133500,9993300,7749400,168656400,23881300,10818600,6485600,3459600,2274900,11473600,1374200,7146500,12737000,9966000,2313900,6200,507500,27769400,12898300,13661000,7217300,8054400,5210000,1521500,2196100,10773200,5419600,1505700,5668700,5131000,8543000,2754400,5430300,5362800,3284100,2735100,7851500,3648000,2524500,2090200,841800,462322,312100,8638900,17809900,4604700,4457100,4541300,3834500,1699200,8061500
2026-01-14,28184300,28525600,41410600,22473200,15527900,28378300,10468000,30396400,38744000,7820200,2609200,159586100,40466500,30094700,15295700,7959900,7570100,148225800,20277200,10862500,5611900,1947500,2171300,11210800,1536500,6545200,18187200,8965000,2423500,3700,134700,33651400,15646900,10149300,5712600,4780100,4841300,1627600,3014200,15019600,5658100,2184000,6753000,4012300,10282400,2448400,3888200,5134500,4554900,3143800,6151200,3780800,2148000,2396200,925600,658341,254800,7414600,17801300,4918400,3622800,2882800,3665000,1776700,9420500
2026-01-15,23225800,28442400,43003600,16418600,13076100,40670400,11190900,25988700,38235000,11669600,1215100,206188600,55270200,22218800,16593500,9241600,5775800,132328900,25370200,14146600,7536200,3180200,2260000,42188500,2858400,11262800,15249800,16576000,3459800,7800,237700,31109200,14582800,11489600,4774300,4919800,6196500,2262800,2675900,11340000,6530300,1570700,4908600,4631000,7419300,3054000,7116800,3832600,3716400,3085800,5335200,4104000,2127500,2394900,785400,386167,275500,8562300,18213000,5677000,3906800,7028800,3651700,1747700,10078900
2026-01-16,34246700,40341600,45888300,19224700,17012500,34781400,15674400,31828000,53965900,12890100,1224700,187967200,42545600,31291200,15011200,11990800,5291100,127314700,47901900,15703000,8972800,3378500,2815200,18246100,2469100,11399300,14392700,15317000,2298000,10300,131500,59483600,20052400,13902600,8534400,5250800,5871300,1988000,2289600,13751600,7053100,1875100,4696800,8298900,12874900,9206900,13330600,5201600,4499800,4044500,6710200,4502300,3768500,4986800,2216800,745964,552800,5987000,25743300,4370800,5422800,3592300,3780700,2056200,9602100
2026-01-20,26130000,35361000,47737900,29129500,15169600,26822500,16768600,35188300,45490100,9233800,2596400,223345300,44327700,32293900,18688000,11971400,7318200,150153000,49744900,17872400,7125400,3620800,5233500,22809900,2970800,9387300,11601700,17340000,2627800,55400,195200,36708500,19712200,13050800,6962000,3766900,4929200,1534600,3613400,12926000,7287900,1697700,5327300,6710500,10054800,6079600,7599100,6844500,4595000,4776400,6392900,4690500,2869500,3901900,909800,580095,543800,6371300,23999700,6083800,5298300,4305500,5318000,2737900,10669200
2026-01-21,37980500,35386600,47276100,38190000,14494700,29676600,15470500,42153500,62001200,8119500,1486200,200381000,62385600,32006600,17134300,9181900,13666000,220565300,56712800,21365000,9447100,4710600,3325600,16789800,2387200,7914000,12454800,14999000,3005500,95100,119700,47851200,16119600,12616600,5645300,2883700,9731800,1093100,5105900,10747200,6301000,1679800,3709900,6242400,8296600,5711800,6651300,8555900,4751700,3632500,6995200,5587300,3426200,4022700,1235300,639163,525700,5931000,18210200,9437800,6687300,5978400,4969400,2884900,8664700
2026-01-22,25349400,26253600,31913300,21141900,21394700,19946400,10237100,29082800,32969600,9474500,3347100,139636600,37945000,24275400,12997600,7450300,14162100,190066400,39607600,20607500,8926900,2796300,2317200,12801000,1844200,6036100,11958600,10260000,2807300,56300,141100,28499500,12944200,9483000,4974500,3539100,9645800,1088700,4278200,6058800,7018000,1236700,10259000,4959200,9802300,4771600,4176200,8025700,3807200,2880500,4707300,5508700,2549000,2858800,978800,333969,328200,14906700,12879800,7268000,4011400,4101300,4465600,2095000,7799600
2026-01-23,38000200,27280000,33778500,23011300,22797700,20375000,10064600,48149200,56562200,12250400,1836000,142748100,47525900,30259500,13924600,7106700,6814500,294675400,35404200,21061100,6115700,2957800,3266200,12904400,1556300,6201000,10156800,10102000,1830500,25800,82000,30285700,16605400,9408000,4368700,2905300,4073300,1047200,3652100,7083200,5791000,1510300,6494700,5863000,13301700,3785200,4475800,5483900,4491000,2525900,5245600,3496300,2235400,2009600,761500,404252,271200,8053900,13125500,4348200,6106400,2564900,3469400,1806100,7333300
2026-01-26,29291200,26042100,32825500,21100400,16327400,49349000,14675900,48010800,42447700,14815100,7131400,124799600,30672500,25006400,12464600,8004200,3716600,149407800,29193900,13435200,7128300,5039000,2374800,8646400,2001300,4777200,10625600,12599000,2084300,11200,85200,22777200,17489700,7239600,4115300,3463800,5395500,958300,7867800,7828400,5356700,1420900,7118500,6110700,10990600,3344100,3953100,7611900,3955600,3992200,4454200,3020100,2812600,2662100,548200,332390,254000,10658200,24714400,4894700,4026900,3097000,2726800,1471500,10563900
2026-01-27,29213900,21636200,38029200,27093700,13297400,49218800,11670900,47555700,55177900,16624300,5930000,143711600,25691600,25537600,11307900,8354600,4500600,121832200,36212100,14015600,7483000,7353600,2254400,11298100,3473900,8033000,12005900,11742000,2805200,8800,127600,26542300,11804200,9838400,4166300,2855400,5931800,703000,12530700,11338000,5540000,3415600,4044000,4270800,15472300,5963900,3622100,4470400,4812900,2675700,3876500,4390300,2814700,4714700,821000,500857,240100,8697000,17756700,4884200,3385300,4140200,3618600,1971300,18312500
2026-01-28,36875400,27434400,40882700,35882700,25709600,36455600,11834100,30478600,44007300,10238800,5746700,148552700,27061200,23001700,10311000,8539000,7947400,201995100,42725700,16486300,16090500,14749800,1947200,12140100,5036800,8470000,15630600,10915000,3909300,13000,194500,44822800,21254100,8465900,3942800,4807200,6364100,863800,8947100,9530000,4159800,1425000,3025900,2524200,8200000,3279700,4263800,4251300,4463400,1888800,3386200,4935700,3072500,5776300,976100,629734,461700,8568200,14022900,5147000,3801200,4303500,4356800,2073000,37790600
2026-01-29,128855300,39785600,47229600,37254500,59852900,30885900,13332200,30467100,49193900,11583700,3764900,171764400,31685200,20447500,13944900,9142900,6154700,124256600,42675700,23010300,15770500,9052800,2603300,13844800,2818900,7350500,16801600,15064000,2695100,15600,225100,59846800,55125100,18555600,7410800,7999600,9773900,2745000,5966000,20921200,12925300,3090400,5353500,9472300,11202400,3141900,4798800,5943600,4298400,3537800,4288000,5662000,4065400,3491000,1035500,466244,1203200,8915300,22642900,5588100,4376600,4535800,4006600,2262400,16929400
2026-01-30,58566800,31024000,46585000,27362400,23744600,25314900,18182300,30806600,48061800,13131300,2293700,179489500,40035700,28313000,12581400,9577200,4950700,114920100,51022900,40932100,21695100,9224400,4167900,12028100,2358800,9814100,18352900,27881000,3704500,18600,331100,47271000,28053900,11090400,5713000,5753500,5338900,1603900,3497600,10381600,7628100,1569100,3566300,4400000,10205300,2756300,3810800,5344800,5603000,3640700,8217000,4502700,4260900,3865700,1838300,533319,471400,6364000,26458400,6759200,4281200,7083200,7098800,3246900,12333700
2026-02-02,42219900,32006100,37546100,47421000,14365200,19489100,10501300,23149400,40905300,10561800,4403200,165794100,36308100,17278200,14513000,9099100,5001100,101414600,37771200,28765800,16019300,6062800,2681500,12459100,1766600,7409600,13299300,16038000,6576500,21600,105900,72811100,18889100,7950900,4357000,4746800,4691300,1086400,4382000,8294800,4978100,1418200,5108100,5168700,9423100,4044500,5506900,5260600,4273000,3941300,6022800,4112100,3867500,4074400,1233100,673458,317000,7719200,28238600,5572900,3132600,5212000,5799100,2534000,9951100
2026-02-03,61424100,36506700,53831300,43260100,13760700,25101400,9743100,26691500,36286500,10278500,4274900,204019600,53097100,36914800,22563900,11966400,7058000,122205100,42763300,31213200,15378400,6089200,2204400,12540000,2205100,10697000,13500400,20559000,11795000,7600,177900,113169200,34729600,20194200,8324900,13814000,7743300,1991800,7647200,15339600,9945900,3162800,7587800,7658000,9600200,3584200,4375800,6229900,4169300,3482200,7696100,4433000,5853300,3856200,1243300,1061495,2270100,8202300,34962100,10940600,5290000,6938800,8109400,3186600,10358500
2026-02-04,45012400,70618400,51299900,42323400,16882800,26247800,15962800,38524300,66531600,14239200,3073300,207014100,107173300,43330300,17506200,19249300,12213700,128702300,58074900,29007600,14795800,6601100,3539300,18176000,2479400,14719400,19608000,15838000,7187400,10400,205000,113199500,36718100,23010000,8554200,17295400,6621400,2587300,7490900,18932000,10470800,2407500,4232400,7445100,12182700,7172000,13329800,7338300,5679700,4653400,5492700,8287200,5131600,5058000,1482600,1204392,756200,13313800,39765700,14406000,5743600,13363100,12144900,5577100,21254200
2026-02-05,66289200,88205800,103509200,42789000,17131800,23637700,17441100,29119800,71587100,16998600,3302300,206312900,62196400,42775800,19202000,30229600,24625000,114307800,38899500,27725500,10663900,5641900,2427900,14812000,1790200,8514300,10928900,13017000,3896600,9900,398400,93690800,36178800,21956300,6293600,8089400,6563800,1616700,5936200,24212800,12780500,3189500,6692900,8239600,9799400,4001600,7112900,5913400,4224100,4338300,3495500,6144600,3303300,3608600,1112000,668503,1419900,9640500,24236500,8225300,4476900,12867100,8673000,3316200,19602600
2026-02-06,53515300,56380500,179210900,29962400,18159300,36852800,16895700,44656500,75224200,18191400,3042100,231346200,54504500,33003400,22581800,15036800,15789000,115600200,37196000,21327300,9913300,3284500,1884400,17025500,1971000,8344400,13848800,15711000,5021100,6600,965600,62661400,34727000,13652600,5448400,9619300,7125900,1930300,5383700,19772000,9902500,4527200,5185700,14005000,8225200,6306500,7406400,5453700,4412100,2767700,3658700,7197300,3105600,3283900,1517400,938004,1603700,8986800,23936600,9896600,7290600,6589900,6735500,33471400,11531500
2026-02-09,45480500,39640100,91178400,49936500,14837500,25424400,13235600,36871700,48851000,16096300,3323300,196387400,38810800,30091000,13775400,11022700,6817400,94841400,31009600,15290700,8044900,3188600,1723100,14594900,1125100,7458900,9976700,16392000,5345100,7300,91000,58042500,23127400,12112000,6576300,8828800,10282900,1485300,4666000,11303600,20917700,2651700,4052800,8779300,6528800,4182000,5097000,4422900,4288500,2654000,3375600,7638400,2809400,3105800,1084800,610244,537400,6801400,22908400,9063700,7420600,5940600,5903800,4303800,9321200
2026-02-10,44857900,39170000,67175000,40092200,10455800,14088200,10388600,24414000,35751800,8953600,4435500,136764800,25326700,19542700,10561400,9762900,8913500,99832900,35433800,15904000,9560700,3172000,2656200,14622100,1200600,6785800,7909500,8432000,2930500,6100,88500,56061300,21869600,13393000,5718600,9400500,18828200,2417900,11424000,12485600,30141600,2409200,5474100,6759800,7213700,4603800,9074400,5783600,6608700,3506000,6345700,6707800,1795300,2458300,806400,489591,400100,6138100,32113800,12592700,8429900,7514100,4787700,2274500,10687600
2026-02-11,42491000,45406400,65545500,24538900,14323800,21192300,13933000,23902900,37394900,6640300,2972600,144192700,33384700,17004700,11636700,9379300,4145200,107681200,48475000,20472700,9362700,2827000,1885000,18651300,1139300,7160900,9555800,10928000,3651400,5800,130600,52796100,26076000,16350200,8759900,6242800,8463300,1651200,15668300,9883600,43667300,2670100,7133400,8583000,7305000,3862100,4279300,7290600,5980300,2843800,4459200,19793500,3826600,2821000,1056100,680231,346000,6942400,34455800,9878800,16419400,5608400,4011200,3525900,8910800
2026-02-12,40802400,47761300,83975400,23285400,14960100,20441400,25735500,18236600,30323000,8151100,2907300,189932500,32181000,22007300,13643800,12416600,5982000,88321200,45639100,23321100,16651700,6436900,3392000,16835400,1518100,9764400,10662100,10491000,5023400,6200,319300,74090600,27213100,16849100,8657000,5683400,6416900,1609200,7640400,13990800,19646500,2499300,4901100,11092400,9181600,4893400,7493800,13100400,7095000,6301700,8873000,12438800,4603600,2677700,1517600,1078200,412200,16322100,68098600,6440700,11444100,6733700,4605700,2871500,11352600
2026-02-13,34091600,38499700,66321600,18597000,12336400,23117000,20543800,22437000,31579600,8246300,3956500,161888000,26123900,18397200,7615400,13134400,4417600,69740400,33807600,23640400,9901700,3856100,2203300,10468200,1248900,15706000,9905400,10122000,2600600,7400,111200,49438100,22771200,14822900,6589700,8333900,6395100,1337200,6699000,14146800,12577000,2434100,3940600,6198000,10402800,5450300,5967900,9114300,5569400,4671900,4554200,6785200,2253500,2020900,864800,708403,364100,21823000,42886400,4520600,7735800,4052200,4973000,3088200,9378800
2026-02-17,32078800,39247600,69879200,19610800,12674700,17482200,11665200,21378100,23513900,9172400,2254600,162276900,33712100,23469700,10568500,10670700,4268900,65802200,28549500,19143200,5524200,2839300,1899100,10063800,1097200,8791300,7368500,6231000,2383300,8600,164200,48407100,27343000,13692900,5208300,5778400,5108500,1652300,5822100,17712400,16586500,2038100,5354700,8777100,9455400,5259200,4655500,9286400,4252700,4034900,6672800,6449600,2094500,2221600,930500,376754,546600,8724200,24792700,4931900,7105700,4616600,5625000,2182200,6844800
2026-02-18,23223400,28482100,51003300,14801100,14649200,17481800,13132500,24045600,28281700,5127400,1763700,164749100,35664100,13565300,8408200,9944500,4275600,65306100,32306600,25097600,12173000,2865600,1844100,7310500,1334400,8784300,10095400,6510000,2753700,9300,202900,59677100,18138700,9852900,5033200,4155100,7061600,921400,3459100,11010800,26756800,2542100,3779200,4623700,9064800,3794400,3622700,9786800,4111700,3626100,6582700,5350700,2740000,1808900,1439500,506473,341700,9955700,20648800,3918900,4355200,3227100,2995100,2223800,7485200
2026-02-19,28234000,25834400,35669600,14976300,10035700,10807600,17315000,15011800,26594300,13207400,1676400,126554500,25842300,15180900,6512200,8219400,3108800,72724900,21651300,19601600,10399800,3518300,1665600,6346500,1135200,6640100,6384200,6257000,1826700,5100,133200,42197200,13224700,9565100,3616200,3139500,3703500,940900,3001600,8001600,13545800,3337100,4924800,6662200,8483500,2550000,3154700,16064500,5483600,2556200,6897800,3929800,2277400,1655600,1701300,396511,317300,5260600,18443200,3358200,2904600,4084700,4206200,2389500,5230800
2026-02-20,34015200,53210800,65881600,29621900,14183500,46247700,17238800,23874600,41944000,11327600,3766000,178422300,36317300,17658900,8795300,10265100,4056000,90743600,29894900,17001000,10510500,2962600,1819300,9009200,1102500,8178700,8601200,6841000,2603500,5200,172800,53726800,15700300,10816200,6590800,5857600,4549100,1383500,6606200,33443200,25857800,3268400,12577100,9565000,7175600,3134000,3879800,10713300,5039300,3021300,9279300,3879200,2600300,1709100,1061300,511269,220300,8309000,29461600,5201500,3640700,6285900,4289500,2527700,7467400
2026-02-23,43238300,31423000,53581500,31749800,8605900,21774800,8882200,14692900,30811400,10722700,6761300,171584800,28187900,16472400,11622600,8260100,3393800,57130900,25426600,18569400,8617300,2402300,2554700,9550200,1284200,6077400,9488000,8499000,2567600,13900,70300,52512200,24200000,15498600,7602400,11128600,11431200,3012400,8524600,60305200,20861500,5737100,11399200,10326700,8433600,3223200,4133200,6950600,4891100,3592500,10616600,4026100,2920800,1438200,1074600,30,243200,9706800,24485900,3814500,3023600,4712700,4493000,2197400,6070400
2026-02-24,33884700,25615600,41137200,21336600,10135600,24587600,7436000,18880800,37593200,13555200,7346900,175123600,81367000,23614400,8396200,11085700,4273000,98872300,33389200,30408300,8679700,3119300,2472100,13269500,1538900,5711800,9087100,6669000,2271300,12400,75700,47121400,18461700,15564700,5529100,8608800,7572800,2327800,4803900,28554800,23692200,4687100,5939200,10131800,11597600,4652100,4375300,5087100,4231900,3209200,6820800,5458200,2387200,2305300,1291400,30,349700,8120000,19485100,4042300,2894000,4618900,3573400,2270200,8000400
2026-02-25,43625500,29963600,41346400,27303900,11330700,20881000,8737200,19076900,32306300,8228700,4658100,250637100,44588100,20182300,10524700,7358300,4322700,75645300,27296300,18561500,10801200,3385600,2644100,10948400,1306900,9745000,9835400,8762000,3102700,5200,169900,53078300,15493100,21875100,5108600,13379500,6218700,1938700,3881300,22791600,11157900,3414400,5156300,6396600,9025500,4999700,4810200,5352900,3853900,3459800,5696400,6580300,2300100,2293100,941700,30,666100,7611600,22721800,5359600,5330300,7096800,4667700,2348300,5653500
2026-02-26,34405900,36431200,47756800,20652200,10637700,27329400,8529300,16047300,26661500,8818800,6270400,360807900,35020500,33025300,12326500,8642100,4136000,71457500,35433500,23672700,10841400,3077500,3817200,14535700,2177900,7717100,10700300,11840000,4915300,8900,227900,45100000,26565100,26680500,6208100,16645300,7108000,2242600,4101600,24799200,12124900,6407900,6140900,10623900,20015700,3960900,7746200,5711700,3737800,3811400,5046800,8566400,2231100,2796700,1083300,468644,455800,6360700,19608000,7864100,3800700,7894000,5468000,2612900,7755500
2026-02-27,51367200,44640600,57422800,36425200,15703000,67921300,22945200,18375100,52659300,13994200,3155000,311636500,31312400,28004200,20253800,12439900,3112500,79327200,28653900,18208200,9899000,3605500,5113700,9186600,1358300,9041400,12988900,11069000,4426300,7100,200300,59412400,19085200,16346500,5098200,10251900,4953900,1825500,4441800,20503200,9430600,11093300,4579700,7420000,25138500,3439500,5494900,8010100,4691400,3332600,14187500,6967900,2169000,2456200,1537400,651819,480000,9043300,27498000,7420500,5156500,15226100,8912200,3083000,9827500
2026-03-02,35474900,34790200,46001000,22418800,9816100,25514200,11049500,16057100,27535200,15239600,2288300,209095300,34120200,20567200,15228500,8963900,3832000,60705100,30049200,17519900,7408700,4224400,2371200,12571600,1492400,5802100,10294000,7591000,2488700,5900,89000,72683900,14780500,9932700,3486900,4776800,7207000,4945800,3356200,15086000,8281300,4407800,5642400,5432900,10147800,3539400,5138100,5156000,5034200,2978600,6884400,5382300,1828400,2421400,807800,442734,262900,6875000,18540400,12477400,4652100,10243400,6888700,2527500,14746800
2026-03-03,38199200,35497000,43184900,20120800,12263800,24549400,10158200,13745400,31251300,26070600,1887200,178099400,37785700,20826200,15826400,10372400,5303800,83971000,39010900,20533500,9983000,5712500,2852700,18580200,2012500,7982000,12442300,12669000,3698500,7900,115400,67460200,17606100,13208900,6206600,7890300,5269900,12122800,2782200,30852800,10319500,3123900,13243000,5951500,11307700,4260300,6653900,4631500,3579600,4048500,4503500,6866600,2864200,3558100,1009000,576585,382300,6119700,17521100,19706000,5896200,8099500,7208700,3014100,15242100
2026-03-04,35808000,29536200,54731100,17585400,10810100,25322800,12975800,17151800,39073900,10622200,2764000,177731200,40912600,34895800,14677500,9309800,2984500,96628100,32644900,15614300,9724800,3774200,1393600,12131100,1486700,5980400,8614400,7982000,3358900,9400,70400,60062200,17432000,11583700,4329200,3841200,5190100,4009600,2744300,33410000,9541900,1996000,23349900,6379900,9384300,2342500,4677700,5947200,3702400,4758400,4959700,4298500,1793000,1817500,1056400,440142,635200,6897700,20388100,9137900,5440100,10520100,7905300,2708600,11544600
2026-03-05,39001300,35752300,60943400,24094800,13341400,22667500,8769300,15913400,45269300,12330600,2216900,198779700,36000700,57076600,42620200,8981000,3437800,78229400,29960100,15433600,6296300,3394900,2528400,16249800,1804500,5899700,10241000,10777000,3936100,8500,93700,50714500,26568000,15860900,5822300,6950700,4619900,3774400,3823600,23784800,9220500,2918700,8100300,12180900,12086800,3129200,4946400,6217400,4860500,5158700,5714900,5291500,3219700,3203700,1168600,755365,338000,8384600,26844800,11716200,6435300,8812300,6743800,7847000,13918200
2026-03-06,31123900,25576900,51152700,38000600,13159400,25591600,7829400,20577000,34750200,13852600,1624200,189021900,33913800,39152200,90071100,9197000,4331100,74698300,34458800,16108900,6352700,2415600,1944400,13803000,1900100,8655200,13597800,11179000,5896900,7400,73900,74980900,25972300,9657400,4802300,6039600,4045900,2999100,2863000,18416800,7202500,2534900,9114000,7532200,9745100,3432400,5625400,5963900,5041000,4613800,4420700,8772600,3795100,2678600,1105400,664295,478600,6282000,20621200,6948700,4434000,8055900,8754300,3924200,7975600
2026-03-09,30131900,29312100,54642900,31173500,13489700,21551500,9983800,18590100,31856500,12647200,2321500,177213600,38877200,40605800,38873500,12304600,3990700,82937400,35547200,21205500,10377400,2929900,1862300,19182800,1808900,9504100,13421000,11207000,6533700,8000,227100,47574200,20324700,10754800,4728400,4836200,4764200,1656400,4229900,15401600,9194300,2421800,7423900,5374000,9563600,2736900,4109000,5191900,7057200,4476500,3381800,20427900,3409100,2878000,1611900,590633,503300,6715200,32855900,7272300,5939900,10589700,7822700,3070300,8755100
2026-03-10,31706400,23239700,35678800,51544600,9859300,16449300,7125500,13808700,28138200,13723600,4290400,179118500,29139200,29531700,26499500,10447300,3659800,85233300,33745400,18133200,9668000,3487000,1783300,12985600,1650900,6121100,10699700,8912000,2829500,5200,110800,47501400,21872600,14467400,4591600,4428200,4011300,2075500,4181400,13267200,6847000,3082100,8697300,6561700,7485900,2316600,4148000,4194000,8176600,3211800,3434200,11306800,3646400,2393600,1151400,700970,356800,5435800,24836000,5691500,4284900,7866100,7129000,3020900,7156300
2026-03-11,25512100,24125700,34199300,83247500,8977200,33672100,34845300,17901500,39131200,18546200,5530900,145280400,23076400,20104100,18446200,7830500,2447700,72480600,30191400,15815800,5672200,1970100,2021400,10683300,1164700,4517200,7160500,8164000,2580500,5100,80400,33955900,14594900,9580000,4862400,3481300,3484700,1339300,3418800,11622000,5480900,2514200,6449200,6176900,9734300,4343200,6074600,5344100,4249500,2522500,3261300,7103200,2807300,1706700,939300,440229,524700,4165100,14719900,6121200,5401700,6806900,4080600,2058400,6626100
2026-03-12,27263900,24928300,44349500,37133700,11617500,16174700,13302400,14852100,29491900,17107900,2525000,155762700,28886900,21982700,16854400,9162800,3451000,85110200,31720900,17284100,5426400,2058300,2073200,17549400,1780200,5978200,9932900,12596000,2956400,6500,160700,54409800,18372100,26309700,10895000,3896000,3628200,1801300,3602100,9440000,7961500,2298100,7680000,7607400,8730000,2750500,4053200,8656800,5842300,2500200,4885800,7465400,2429200,2142900,952200,575361,377500,5494200,19969500,6053300,3620700,5718800,4922500,2641100,8937400
2026-03-13,26848000,23693100,35662100,26350400,18957600,17700700,15433700,18724700,34432200,10208200,3010700,160988400,27561900,34725000,14108100,7786700,2462500,68386200,39261000,18806900,8201200,2913500,1527200,17299900,1179000,5332200,8906500,12718000,2166100,10000,139500,42460600,14846400,14834700,17406400,3915100,3993000,1556100,2542900,8908400,6258600,2106100,4662800,5791000,7504400,1988600,3679600,6966900,4710200,3632100,4294700,6981200,3581800,2271100,2016300,547867,462600,5364800,19080400,4495300,3447100,3932600,3849700,2425800,7246900
2026-03-16,27733700,23519700,42209300,21607700,15134900,25842500,34657700,14494500,40308400,8642000,5007900,217307400,30285200,31363100,15875500,10132900,4407300,114199400,43067600,19406300,8565000,3120200,2485100,11123500,1310400,4427000,9533100,9557000,2448400,7100,102100,32898900,12289400,13419600,11679200,3894000,3683200,1386900,3311600,14665600,5985100,2032300,6137300,5215400,8466100,2208300,2775200,4471600,4974000,4356800,3096300,7386700,3493900,2361400,1421000,451042,392300,7884200,14715100,9100900,4610400,6165200,5036600,3759700,10492800
2026-03-17,26228300,21955200,44969900,23929500,10348800,17332100,57203800,11388500,27945800,9008700,4118200,182497800,22779700,38026500,11622600,10544300,5890700,89061600,43017900,14782100,14247500,3469200,2072300,11434600,1135600,4833900,10043700,8535000,2481800,4900,71100,37118500,13368500,11559300,6456200,4251700,2933400,1340500,2954300,11726000,5520400,2314400,5011800,5655600,5496600,2007400,2065300,3704200,3948800,2541300,3777200,5121300,1942300,2259300,796200,506089,299900,5959000,16210500,15647400,5941300,7599900,9003700,3264000,13196400
2026-03-18,25908500,20009800,37846600,18051100,11726300,17332800,35792300,12475900,23967300,8780800,7034000,156683100,28569100,25460600,16096700,9894300,4206900,78056200,58973700,20663100,12453900,3830800,1825700,12632600,1391400,5170500,12478800,8830000,2653400,4900,67200,32476700,10080100,10525100,7305600,4253000,3454300,1142700,5973000,11196400,5789600,1517700,3238200,4741800,7053700,2634700,3685300,4184800,3454700,3800100,3519100,6673800,2240200,2193100,692700,1076066,420600,5264100,18827600,7469600,3844900,9952700,9636400,4159500,12619000
2026-03-19,25138800,25075800,36440600,22046100,13247700,19522400,14606000,12261400,23952700,13662500,4088200,170968500,32245300,23524800,13388800,9846700,3497600,74051500,74591900,21266400,9092000,4157000,2132500,15411600,1619100,6459700,10101900,9997000,2808100,4700,75800,33915900,11361600,9254300,4459800,3815100,4034400,1303100,3846000,9439200,6558200,1857700,4610800,4749100,10538400,2386900,3106700,5384600,5543100,5845200,5069500,7084600,2144800,2509500,853500,822836,498800,4418900,17519600,6957100,4170300,9382800,7567000,3934600,7153800
2026-03-20,50853200,44364100,63694600,37551400,21214900,29378500,17414000,17456300,34840900,11538600,4385800,241323500,37265100,43325900,25570400,78568000,12450800,162814200,64224900,23508600,12877100,8620000,7694400,17424200,2645100,17587900,26176400,21884000,4996200,6900,123400,48700200,18863000,20201100,10467300,5212300,10459700,1686700,3927900,36446000,16455400,5082800,8029100,6517900,21860800,6107400,11109500,9915000,7644800,8610800,7784800,87826600,4219100,4438100,1689500,1019280,404200,11351600,90380800,6805000,8694500,51484800,22868800,5809600,14276100
2026-03-23,29680100,29326900,44277400,19927900,13638000,19755800,13470100,14847000,40609200,10620100,2634200,182836300,31857800,27369200,14126700,11431600,7959800,80772200,54807300,22925100,8990500,3864800,2129800,15857200,1983200,6490700,9506200,11738000,4243500,9100,138900,57507100,12219100,13976200,4080500,4472400,3549700,1414600,3940200,14413200,7218800,1603400,4572400,4236200,10284300,2717900,5338500,5142700,4320600,4406700,5266300,8888100,2618100,3353900,1217400,480654,491700,6402200,20072200,6881700,4051700,9205200,7352900,3544000,7714500
2026-03-24,42733600,36864300,35351400,26122100,10739700,21616500,11830600,12776100,29659400,8445700,2665200,147667800,27258800,19799000,13731200,8409200,10924900,65323500,44975100,14536300,7194700,3759700,2721000,9725000,1801000,6406200,7388000,7823000,3207700,6800,125400,56155700,17835200,18631400,6268300,4536900,4005800,1381800,3290500,14545200,7143100,3419300,6629000,7891600,8808000,2405900,3995500,4016100,4423400,2559500,3396000,6843000,2666100,2777700,1450600,555832,326500,7858900,23528000,6309000,2670200,9338800,6993700,3382000,9732300
2026-03-25,31181200,29460700,36388800,20683800,12585000,19101600,12131100,14613800,29776700,9974400,14015100,162602100,48518300,19900000,22562400,6669400,29579900,97467900,55328700,20618700,7642100,3452500,1745300,12166900,1610000,5052000,8330600,7694000,3077100,6600,92400,38543300,14728600,12565200,5441600,4713800,3565500,2038300,3236100,12514800,6350000,2996900,4292400,5764100,8639900,2424400,3512900,3539900,3369100,3335000,3864700,5929000,2527400,2864900,979200,577082,326200,5353300,23146000,5303000,2733300,5314100,4969400,2670800,11719600
2026-03-26,36836600,39080600,46746000,16961900,35780100,18464600,13405500,19580000,36651300,7992900,7537700,186152200,49213000,20343700,26078500,11912500,15671600,82841400,54515900,19023800,9726800,4111900,1844400,14560200,1721100,9261000,13460500,10917000,3017600,5700,159000,43038400,11595300,10330700,4715300,3142800,3443900,1259100,4060200,9834800,6082000,1936700,4297900,4760800,6537800,3129200,4437900,3723200,3182300,3597400,3139700,6621700,2036900,3000700,1265500,493293,817600,7553500,26649600,5719100,3102200,6390900,6305600,3719900,9646200
2026-03-27,37883400,35890600,56009800,17929600,30133000,22244300,11552100,17033600,28954900,7915600,4592200,196212700,29206600,23593900,16507100,8964900,10269000,70002200,45806700,16684200,6956000,2322500,1431500,14484500,1759700,5984800,8503300,8115000,2164200,11900,362200,35790800,18109900,9902000,4429400,5826600,6127500,1440100,3753700,24128000,11431400,4301800,5354700,5724200,7749600,2495200,4554500,6097700,4797600,4404500,3699900,5444500,2152100,2494700,1203800,435360,640600,5940200,20557400,4402000,2873800,5433500,5275100,2518000,7805800
2026-03-30,44797000,35141200,46373800,20125700,22795200,27315900,16685000,27139000,41739000,15177500,5837200,185627000,41053300,28054500,21463200,11555900,8033600,84596000,73833200,20501200,9063600,4159300,2376100,15740000,2144500,6568100,11921000,10012000,3130100,8900,164700,41289800,18685600,11617700,4410200,3797700,5547000,1167200,3961100,17526800,12198800,2936700,5310000,5005900,9362100,2675000,4734900,5907900,3968800,2717400,3906000,6930400,3239200,2830800,1558700,406147,429600,7540500,24306300,6562100,5169600,8235200,7436400,3512400,8171700
2026-03-31,45244400,43875400,58470100,24492000,32898300,27917100,21546900,23993100,32709500,13729900,4207600,226181300,42318700,29289500,51286100,12219800,10203700,95294900,73551800,20685000,8781900,3605200,2768100,18488000,1731500,8335600,11725000,11081000,3354000,9000,183000,45558600,16821300,11041400,4575900,8316000,3745800,1083900,4159900,11906400,7751600,1937500,5511100,4134000,13914200,6205200,5402200,6716000,5376100,3124300,4552200,6686100,2175100,3469200,1386500,452457,521300,7837700,25105700,7240000,5104500,6152000,6115900,3021000,10075700
2026-04-01,29417200,37684500,45955400,20495900,23608100,28569000,14922000,25220100,27730900,10429900,4625800,168132000,40835800,19171000,44072500,10210700,8306300,129598500,74429800,22322700,12920000,3716000,1867000,15011600,1745000,5974800,10697600,8799000,2961800,4800,130700,34171000,12439700,11677700,3746700,5070900,3600300,1244100,2259400,8475600,7643200,2734900,5276500,5538700,7759400,3560400,3782800,4918300,4314900,2582500,3674900,5112600,1980500,2467700,1163400,421534,312500,5037700,21309000,4869800,4783100,6927800,6911900,2677100,7359900
2026-04-02,24099100,21666500,31453000,14381900,13518500,20958200,13686800,19745800,30118100,12024100,3576500,143143200,38463500,14021100,23667100,8575300,8183200,117134200,51498700,17443900,7860400,2376300,1388600,8994600,1883400,4269400,6805400,6615000,2744900,13300,68800,30437000,16629900,11635500,3588800,4855500,3318000,1289000,2101600,7960400,4354300,1562900,5563700,3953200,10419000,3256700,2950300,4566600,3720600,1998500,3451800,3965500,1424600,1944100,947100,307769,305000,5125100,12634900,5095800,4496100,5188100,7886200,3617700,5587600
2026-04-06,16146600,16945500,25385500,12556700,9515700,16946900,10920700,17887600,21654600,7917300,2943700,107564300,30786400,12111300,22700500,8038600,4137600,79978800,41414900,12773700,8532200,4887400,1360800,5884800,1299200,2505500,4031200,4118000,1762900,5800,65600,25142200,9141300,14391000,2757700,5669300,3414500,1510600,1987000,6382800,4814800,1365700,3816000,3589100,4790100,2470900,2309800,3469300,2819800,1852300,2373200,3305700,1360900,1386300,618400,271430,333800,3033100,16388600,4279300,2726300,3772200,5809700,1939100,4605600
2026-04-07,21443300,23205400,28154600,17250400,9580800,16277300,13136900,20180900,23915500,9232700,2237000,132534900,26483000,33310900,18965200,8840400,7071000,129543800,40224100,14406500,5891600,4276700,2539300,6823500,1368900,4024800,6818400,5273000,1894800,7300,84600,28671100,12008200,12344600,3331000,5267100,3881800,871900,3731100,18507200,8671300,1986000,4749800,5372000,6125400,2829300,2229100,3796500,2563300,1814000,2642100,2937200,2185300,1399100,522700,620421,454600,5758000,13428100,4159100,4452300,4027500,5486600,1969500,4462100
2026-04-08,33064800,33547100,51092700,23527000,32036600,19538600,18679200,39795700,35485700,14660400,16602000,147732700,35496400,31573100,29455900,12535800,6480300,184599900,49216600,16898900,9163500,5424600,2258200,16356900,2427300,7628500,11023000,10201000,5814100,7900,85900,64827700,19796900,13472100,4040100,5506200,3861600,1903100,4120500,18908800,12257400,2564600,12819800,7500000,6935100,2584900,4320600,5793500,3716800,2398600,3515700,5696700,2255100,2336900,1013300,433369,377900,12136800,19621900,6093300,4105900,7230100,7025400,4110400,7055700
2026-04-09,30435300,23739200,65964200,30407800,19012900,65533300,20407800,35842900,27723400,12754900,6373700,116428500,27126200,20514900,32718500,9352700,5325700,155609900,43101000,17233600,6391800,3092200,2449000,9246000,1579700,5373600,9757800,9395000,4484300,4000,134600,92361400,42131500,20855400,6802400,15489400,6315200,2586100,11428300,21682000,10583700,7343500,11683000,11045900,7349000,3002400,4103200,4250100,3118700,2562500,4386500,5166400,2134100,2061300,935300,559082,199700,7266100,17611700,4392800,3766900,6374700,7034600,3280400,6807600
2026-04-10,28111100,19152600,56912800,26171800,13294800,83416500,25785100,26413200,35297500,16460000,10506900,160459500,36477200,29958100,41187000,8427400,7431600,98624400,36377600,13343800,6122600,3435200,2037500,13168200,1519600,6399900,9124700,6864000,3113400,4300,503900,116656800,58715600,18109300,5889200,23316000,7718700,3075500,13738400,35756000,15592700,5478000,7890900,7528000,5323100,2691800,2900900,3475100,2758800,1982200,4707400,4644800,2218700,2164600,611400,431463,323200,7054100,17571100,8563600,10909500,7969000,7136100,2498400,9737500
2026-04-13,35745800,18866400,42166200,49997700,9538900,56011100,23439600,21422400,39511500,11178200,5705800,133648200,22781800,24115800,31264700,8615000,4900100,112111000,37015800,20234400,5429400,2880000,1654500,9596300,1709400,5246600,8773600,8301000,2434700,4100,161200,65772800,31675400,12390800,6115800,14833400,4502400,1471200,6596900,16666000,8545600,3786200,7219000,10182600,6111500,2696000,4458600,4731900,3580000,2401500,3541000,4733900,1818700,1636200,1022300,474441,389600,7217900,19997500,10402300,10035200,4516800,6558600,3048400,7635000
2026-04-14,37504500,27721400,72685000,59779800,17818000,46586000,21983200,37953800,46944100,15754600,5041400,161307000,25733200,24423000,33600700,7608300,6294200,112796100,52534900,19821500,7301100,3568600,2098900,12859500,1769200,5353200,8500600,8713000,2639900,3100,70800,52786800,25132700,13123600,6307500,8547900,4158100,1213900,4888900,12748000,7415600,2905400,4987500,6930600,9370600,2284800,3767300,5339400,2506200,3162400,5177800,4993800,1825900,2028300,784100,462297,578200,7114000,17856800,18523300,7658900,4500100,5461900,3429500,8364400
2026-04-15,45063400,24918800,43045200,43010800,14952600,43324900,14356300,24272700,32206700,9737700,5626100,185338400,24695200,29559300,23450100,9691500,3650300,92051500,40370100,16269600,6438800,3841400,1656300,14955500,4251700,5925100,11324200,11639000,2366600,3100,110300,48389400,25835900,14340300,4749600,8560100,5483000,1818600,5285600,12432400,7416200,3860500,6950500,10878100,9144800,1930300,3098300,3588800,3294800,2382600,5125400,5353600,2266900,2306900,970100,563750,235300,5835300,15066400,10699500,5064600,4953400,5994400,3041100,7313600
2026-04-16,41642400,20541500,41895700,46997300,9544800,28917600,13912300,15236500,36818000,10146500,6225800,134012900,64850800,18872900,20830200,8163700,5748000,108328300,33626400,13851900,5887400,3122700,1959500,26405800,2626700,5113000,7829400,8323000,1818600,3300,136200,43746000,21971800,11866700,5229500,7360200,6308200,1489800,5330700,11964400,7222400,2968800,4830800,9575700,7734300,2897400,3126000,3108500,2712700,2450200,4534600,4832600,1815700,1402700,753800,473274,308400,7205600,14609000,9679800,4529200,6805400,6115700,2298700,6460100
2026-04-17,48568200,25581900,52029300,45282600,16283500,24685900,17203600,19767900,30817700,12888000,4571400,160324400,35519900,20581700,26341300,9667600,5092600,118831500,33405000,25655700,5627500,3449100,2139100,18419400,1876500,6017900,8465400,7254000,2423200,4600,92400,50657600,17754600,17225700,6194200,6443300,4050600,2582800,3635300,11625200,7037300,2457100,5186000,23913000,8148800,2266600,4104300,4894100,3461600,2869800,5763200,5805500,2624700,2328800,1176500,579222,346400,8216400,20321900,7236700,5165900,5628900,4343900,1926300,6784600
2026-04-20,27582200,18784200,39463100,22330900,12534000,29542400,12962500,22174300,35973000,11880300,2751500,119381400,34833900,16922000,39548500,7953800,8564000,96851100,32013600,11303500,5410700,2915800,2155200,11638300,1091900,3747500,5989900,6231000,1819400,7000,96700,33482700,20306600,14382300,5250000,6981100,3921000,1481900,2608800,11540400,4859700,1944600,4042300,8296000,7734800,2479700,2924100,3020300,2710600,2646000,3029500,4672300,2416200,1804900,616500,403516,293200,6113300,16695600,7465800,4180500,3872500,3337500,1963500,6102500
2026-04-21,32048500,23123800,42922400,39638000,8660100,18656100,10061200,26536600,35271300,24343000,4620200,107945300,38950900,16275500,31901100,11874600,6479900,91402300,27734000,10245900,6125700,3563000,3136600,9808200,1274600,5414900,7830300,6761000,1833900,7200,106900,44830000,24147900,12073700,5779700,5160400,4722800,1064800,2628600,14684400,5856300,2855600,5633700,6094400,8625800,3395800,3748800,3693800,2842800,2451000,4344100,7285400,2022300,2111100,550300,513602,241400,8918900,18653400,9610600,10877800,5115900,5725500,1805700,7371700
2026-04-22,29378200,20293000,36065100,32448800,9215600,31878200,12899100,17082000,33306600,15278200,2842200,107501000,49054200,23702500,30765800,9432700,13932300,90267300,45998100,15497400,7001900,3233300,2149700,16317200,2621800,5268100,9803300,6840000,2223200,6600,114200,43701500,35714800,14565900,7111000,4719700,4649400,1181600,2055100,11569600,5903200,2465200,4959900,7533900,9477100,2581900,2642200,3774600,3053000,2124100,4908200,9835900,2683000,4184700,931000,384162,473500,8699400,16986100,7342700,6144200,5202300,4635200,2778000,9364500
2026-04-23,38308000,18650300,39091400,37084200,11667000,21696200,13968700,55485400,57871800,16756800,3402200,113561800,45619700,19501600,36938700,10164900,16854100,155141800,38178000,12272600,6774800,3175700,2450700,12224900,1800500,4420800,12269100,9285000,2476200,11000,110600,58654400,84103100,22719900,9617000,7625800,6160300,1814700,2426700,12902000,6965200,3054800,5187200,7796900,17524900,2767900,3272600,3528400,2624800,1898200,4060200,7067000,2912100,3073200,991600,442693,366700,7428000,21156700,5820000,5396500,6064200,3756400,2281900,6733600
2026-04-24,27457400,26426100,53777400,33215000,13348300,33898200,18386600,35310300,41941300,15017000,1464800,214134400,81616700,22491100,37599100,29449600,20481700,281405200,35379600,11642800,5603000,2704100,1470300,21603600,1751800,6159600,12313200,11431000,3234600,7900,90100,38677200,39011800,10817600,6492900,11754800,3195600,2074300,2076600,9086800,5887600,2319000,6225300,5275800,9761900,3609900,3481400,3086500,2399700,1904700,2931000,5281500,2490300,3633800,741500,450659,981800,7508000,18969900,6639700,6661900,5294900,4205800,1418300,4662000
2026-04-27,30867300,28576900,44906800,21616600,12805200,24929000,14122100,20833300,33168600,18987200,2261300,187172400,50585300,17451600,30281800,41744000,13922800,178820200,41298800,13005000,5788200,2919500,2176700,16561200,1326200,5663400,8095400,11196000,4027200,11500,143100,31275400,32789100,11907000,5067700,5395100,3687900,1252500,3503600,9188400,7893800,2045700,3508700,5727400,7773800,2372600,4577600,4224000,2322600,2723300,3446800,5442500,2463900,3845800,1012800,575670,253300,6782500,13810500,6799000,5422500,6217500,5289700,1684200,6348000
2026-04-28,30438100,27824100,42204400,33716500,10606800,27765200,16041400,22493800,39925200,14935300,2647100,180275400,43002500,25519200,27128700,22921300,13367900,147773500,44816600,14119000,7285500,5956800,1837000,14715800,1926900,10396200,11499500,13398000,4596200,4700,144300,24757200,20990400,8711700,4641700,3578800,3296100,1214100,3291000,7491600,6451900,2168800,9621700,4815700,7245100,2631200,5205600,3949900,2167000,2367900,4394000,8217600,2483900,4206000,1304100,466351,342700,7414100,16889300,6339500,4965300,6393400,5547700,3103100,9871600
2026-04-29,38288300,35376300,72367900,20587500,18947500,27754000,14962700,16979300,25357000,11465400,3045300,123711800,44704400,15962500,20649000,37571200,6215500,235070900,36248500,11350200,10458100,10896900,1537700,10313000,1256500,5116400,9585300,10921000,13070500,3300,74500,33348100,18646600,6882800,2664500,4323100,3488000,852200,2349200,7659200,4157400,1339200,4053000,3863700,9091700,2732900,4992800,4647500,2322100,2912700,7278700,4536300,1932500,3721100,1328600,669276,435300,6270500,15427900,4415300,4959700,6884400,6179900,1830400,14324300
2026-04-30,70909400,72040000,100974900,21016400,52765000,25279800,12682900,21590700,29279600,15635400,2461100,225239200,42115300,21821600,20327000,61132700,7730800,160597300,36554400,15088300,11700600,6479300,2041000,12788100,1414400,7050000,10381100,18906000,7836300,5600,139700,32523600,22152200,14408300,5129100,8241600,7160500,1844300,3053700,9770800,5771500,2376900,5722300,8764400,17551200,2906400,3954800,8323500,3799600,3691300,8054400,6268700,3251000,3533200,2426600,1620941,238500,6141700,21686700,4438900,5152000,6165400,6148500,2665500,9314000
2026-05-01,31372400,30105200,50825200,26318000,21404000,27413000,15854500,17041300,26149800,11677200,2855900,128647000,34279200,11882600,13071700,21111500,4970300,158502800,40215300,23126800,15485300,7378700,1138000,9926400,707100,4586500,8094500,7892000,2876800,4900,57100,33219900,22911800,12324400,5068500,9351300,6247800,1418800,2993700,6088000,4972100,2867500,9894200,27384500,7106200,2102500,3144000,7189300,2578900,2390100,6257900,4408600,2478400,1890400,1328400,694805,184500,7652400,16095700,4701700,4343600,4620100,4774700,1733800,5773900
2026-05-04,28066500,26298600,49083700,33504500,16203900,30197300,24793300,23993400,42428800,16227600,5150400,125368100,42000200,15140400,14547000,23117400,6725200,119294000,46043700,17853000,10175700,6022100,1307300,9978500,1755700,5062300,6497400,7916000,3100000,6700,82300,70525900,21863500,8444700,5536900,6190200,6723800,1048900,2781400,8734400,4891100,2166600,5824600,15945800,6806600,2833800,4209300,6040600,3365800,3314600,3883900,4927400,3298500,1923200,1316200,629121,311800,7167900,12684800,3636000,4155500,6539000,5445800,1198600,7194200
2026-05-05,25700900,23878600,41908500,23497200,17171300,22972800,11763200,32489800,48226600,14009700,14950200,113406600,64235100,21175200,22284400,34274900,7968900,198482000,64268500,20668200,9794500,6522500,1800800,14579000,1621400,6321100,11884000,11941000,3565700,7500,86100,89747100,22756800,9740800,3952500,5891600,5431300,927000,7171700,8900000,5150700,2043500,3769100,7608500,7187400,1895500,3567200,8315900,3994000,4078200,3332600,5456200,6876500,2075600,1284000,738010,446900,15684800,13456200,6133200,8142500,5601200,6588100,1632400,11698800
2026-05-06,30285900,31308500,44552000,27685500,19915500,31677900,19331100,32688600,62384700,39394500,6089100,188362800,87732200,20707000,23205300,30145000,26272900,157320100,55725800,21114100,8338900,5575000,2144200,17736400,2312400,7241200,14788600,13409000,3836200,6900,99700,55524800,23117900,11303400,4452100,7431200,8224000,838900,4746700,8795600,5595600,2268700,3455500,10297600,8242900,3062200,8214800,6337100,5947000,4245700,5139400,5583200,3289700,2282800,1212600,796769,685000,35627200,27026600,6073100,8553000,9720600,9902100,2244800,10534400
2026-05-07,34942400,24433500,35892900,31803200,12307400,41365300,19203400,25434900,81891800,37216800,6112200,168307900,44885500,22791700,23683600,51092200,22382800,122699900,47527500,16243300,7162900,4900900,2029700,13403200,1726700,7741800,9704500,12416000,5001500,5100,298500,50184900,27960700,13955100,4479900,13709300,25970000,3614400,8959600,20458000,10556600,3379000,5932900,12651800,9681800,2630200,7895800,6068000,3296400,3107200,3190800,5458100,3590000,2588300,1979900,725261,305700,18255700,17062300,5514600,6551400,12673300,7268200,3546900,9002700
2026-05-08,33383800,21461800,34732700,21158300,13557000,48479400,12929600,19715600,110542100,14830900,3945900,136421400,58134900,22561400,20589000,37850000,11610300,227681300,65130900,20567600,7929800,4874000,2893800,18531200,2288300,8165200,8996700,12894000,3486000,7800,124200,41745400,24699000,15123900,3667500,7280700,12042600,1813000,18919100,16164800,11641800,3522200,3963500,12639800,6230100,2948600,8074500,4466400,2585800,2660200,6031800,4081000,2386900,1828700,1241700,499340,321700,20371600,24652500,4837000,4610100,7901600,6727600,1501600,18191000
2026-05-11,35657900,30753700,38176700,16890600,15940600,27701900,14061600,27374400,112561500,13994400,3353100,160685800,46085400,16825500,22947600,45474000,10549500,179486500,70972900,16516800,10022600,6078600,2288100,14680000,2191300,8324000,9150000,12129000,4427900,7800,383300,41414500,21402900,11145000,3225800,4799600,7740100,1441300,6525300,11173200,9404300,2541200,7167900,7931100,7233800,6274200,5905400,4434500,2256300,3179200,5559500,7279200,3724700,2510000,1411500,788811,361500,18520900,31852500,7999300,5615400,9856100,9550900,2380700,24755900
2026-05-12,38594200,26017500,36776200,22123400,11351600,32879100,11723200,20248300,76104700,10097000,3324900,159176600,39140100,19004300,21367800,38590100,7839600,172516500,73743000,17138500,7773000,3798100,2043200,18121800,1846800,9319400,9341800,10294000,5646000,3300,105000,38781100,22354600,10214000,3234000,4877400,4803600,2654000,5581000,14181600,8295200,2323700,11822400,5970200,6922400,3761500,4904300,4511500,3337900,2756500,4791500,6556200,2953100,2102800,1344100,698392,390000,12796100,28810800,6256300,5053800,5990300,7562700,1603700,15959400
2026-05-13,29667100,28144600,39670900,15789300,14634400,23598000,38770000,15283300,49514600,16340600,2783000,150405400,30423400,16981200,31862600,26226300,8700000,115364400,54875100,11618700,5772800,2511700,2122300,13127800,1691200,7839400,8633100,9381000,3628700,4100,142000,55189400,22107000,11951900,3870200,6892700,4578300,1546600,4262400,11203600,9337700,4811400,5450600,6261500,6775700,6653700,6385400,4944400,3404400,15607600,6126600,4461000,2316800,1588400,1147400,803413,237400,14164600,45241600,6644700,6415600,6758900,4398500,1272700,11311100
2026-05-14,27077500,21136700,31338400,22545000,10651200,27702300,29737800,16359300,58403000,17518700,3573400,180782900,26113600,19733800,32661100,24883900,8456900,118279800,42142700,11213600,5540900,2360000,4518200,18577100,1412600,14936200,6404900,8100000,2352500,8000,101100,37052600,25571500,9749400,4991700,5835200,4939900,1145700,4096800,11263600,10346700,3996800,4057300,4546400,5438200,3655500,5117100,4786900,2483100,6382500,3167400,3611300,2011900,1690600,827600,665125,235700,15728200,70932300,4949800,4615000,4791300,3557100,1121900,10849000
2026-05-15,50771200,20309700,40770300,15747100,13272600,22048200,22919800,17723100,48691600,10146700,3457900,180977600,29131600,18957100,24757300,25876800,10191200,135206000,48519000,14011300,7014400,2784800,2883200,11868600,1807400,12768700,9643200,9804000,4251900,3300,86200,32629700,34569700,13883400,6421200,7739700,5493000,1454700,3386400,15437600,11551000,4162600,4877000,6813600,11418400,3835700,6632200,7820600,3832100,9225500,4678300,4871200,3253300,2445800,1012500,622375,248400,10833000,38519600,5528800,5941800,6627000,10141800,2423400,10352500
2026-05-18,32564100,26837200,33690800,19114300,13772400,38653700,21056500,19632900,43039800,10519800,2888700,146280900,28432100,17863300,24439000,21082500,8614500,145764000,60042500,13904400,8996700,4945800,2744000,12117200,1664400,8265000,8562200,9469000,4670100,3300,128000,32034600,51220700,13671200,5591800,10730100,5553100,2690200,3399500,18799200,8734900,6203300,6389300,5670400,39950600,3435800,6321800,6781000,2865500,5462900,40094600,8086700,2862900,3116500,1768400,572213,231900,8634500,24763500,8611700,6161300,6342100,7197500,2502800,9889300
2026-05-19,33018700,39545700,40340700,16717700,11749900,29845600,16832900,15285900,37577500,12492500,3881600,140948200,38756900,20652100,25003300,19605200,11226400,150234900,61792100,13309300,5891600,3639300,2028000,14083000,1395400,8418700,8308600,11170000,3489000,5600,87300,29777300,55624400,17510800,5854400,12357200,7169200,1880400,3576700,17860000,11030200,4323700,6289700,6642400,25749400,3935800,5860700,8408500,4381600,4494500,18275300,9039500,2951900,2246700,1652900,554344,418400,8800800,32525500,8285000,9430500,5779000,5025800,2331500,10761900
2026-05-20,27864000,31744400,34933200,16517200,11329700,21656800,13064000,27508600,44421000,6616600,3725700,184201600,36137500,16312600,29808100,19037500,18297600,165086900,48827400,9141200,5311700,2269100,1828200,10254300,1744500,6888400,8574200,9000000,3387500,9400,82000,31307700,30037700,13025300,4789600,5942100,5274500,1421100,2996300,17533200,8698900,2647100,6706700,3900700,15748800,4095600,7901600,5306800,3988800,5812900,12506100,6014000,2684600,2564600,1315000,1052124,414700,9617000,26154800,7487300,10294600,5065900,5195000,1985900,9564100
2026-05-21,31393500,24852800,36591700,12119700,13476100,31898600,23027700,43074400,50294800,14497100,3778000,203381800,27252000,16865300,21506100,28163700,21796600,102452500,42461500,13746100,5046800,3483500,2098000,8937900,1358400,5682900,9162400,8205000,3587000,3700,69400,24311900,26474000,10949100,4131000,4504000,4179200,1979000,2794400,10584400,6323600,2596000,3545100,4864900,12490600,2366000,4621400,3741100,2205900,5244600,9778500,5221300,1933700,1633700,937800,697415,291700,11620600,22700600,6775200,7004300,4366200,5781900,1548500,8587100
2026-05-22,22390300,20442100,27535500,10875800,11688600,20001600,10606700,22215200,36358400,11584800,2269100,169275700,34758600,14086400,19823200,30375700,13961800,82663000,36002900,9657100,4492800,2531400,6667700,7111900,1666700,4889300,7854700,7231000,2708500,9500,74700,27578000,23646300,10176700,3779300,5968700,4870800,1263400,2109300,11113600,6626100,4003800,3050500,4459500,10755400,2877600,8062500,3396200,2446300,3280600,6459900,4801800,2353500,1472300,774700,824993,199600,10554600,22237200,8538600,6527300,3980200,3076900,1620800,17730600
2026-05-26,30398000,27747400,38028100,12856100,12234200,21456100,11287000,22554200,41949000,18859400,1971000,187202600,38473800,22562900,42558200,30646400,10899800,108167300,76560800,12919700,7552500,3437900,6060700,10132000,1651000,8044400,9763600,11503000,4005700,4100,78700,31723900,23589900,13617200,3211800,12371900,3631100,3216500,3458300,8319600,7164000,10720400,2804600,4013900,11759500,3606900,8511800,4168900,2877000,5996400,8121200,6523700,2855200,1877300,881700,829210,230300,11835300,26607200,9575000,8114900,4081200,5212200,1407700,16589900
2026-05-27,28901500,23087300,40061900,12126000,23143600,24155000,13981100,25807700,85377500,16257800,2222800,167601200,27589300,17601000,54198500,25694700,9356300,93323300,72295700,10394200,6263200,3794300,6025700,14695600,1361600,5047600,8819300,9502000,3275000,5000,152800,34159800,28633300,18524900,3402000,17731400,4577500,3148200,3063900,13091600,8318000,31831500,4146000,4700200,10856200,3345800,4896900,3375000,3128900,3182700,7337900,5293000,2846000,2264800,707700,828843,238400,6982200,21705100,4256100,5140900,3989500,4236000,1751500,10072400
2026-05-28,47250500,24357500,40630400,25339900,16772400,23406000,26016700,20470600,46938600,15544400,1584300,143996000,31438500,17855600,52624900,21118400,14386100,97321000,49694300,10004100,6002800,2838100,6036800,8905800,971600,5675600,8402800,8855000,2762100,3700,83600,52085200,39117700,22559400,3386500,39582300,5949800,9641900,4569100,9488400,5663300,16251700,4629600,5513200,12968200,2378300,3598000,3650300,3047800,4532800,15167100,5384100,2318400,3007000,719900,598919,286000,7194300,20631300,5014500,5591800,3698100,6128600,1813700,13791300
2026-05-29,79654400,44415800,54749600,41082200,19806500,28158200,23748700,21832000,50313600,15295100,3053100,289410600,30803200,41798400,34024700,28781800,10448300,191676100,60498600,8751100,8383500,4674500,15908200,11232300,1069400,8546800,10872200,11457000,4129200,4200,94200,92196600,68243400,33998900,10808900,19892200,9416200,10612600,5734000,19256800,14998900,11010100,7102200,13857700,25347000,2491200,3781200,9749100,3903100,5664300,15741500,7218800,3321300,5276800,2223800,774052,439900,15385900,42179300,7597100,5979200,11073100,6364000,3862900,13697400
2026-06-01,53628900,28672100,53604400,48390000,29138800,58297300,24248900,17487200,56409500,17308500,5450500,212850700,33309200,30586000,32926900,21185200,20741500,134900400,46552100,9681700,6240900,3358000,5893600,18040400,1058900,6613700,8052800,7359000,2523400,6000,126700,57654000,68789000,27594800,8535300,20174900,11191000,6787700,8457300,18361200,13714500,10359600,11376600,12693300,14192200,11480600,4322700,8510700,3215700,3274200,6493700,6162100,2339300,2679300,1193300,446311,425000,9991500,23966800,13043500,5559100,6065900,7932700,2894200,8718000
2026-06-02,37036800,50412300,41811000,30294800,18252000,34814000,14040400,17269200,51690000,20583000,2388400,193362900,24293200,38306700,112646200,18508500,15453400,106336200,47555400,7093300,5029100,2561900,4710000,10147900,1484000,10440700,8632400,10611000,3413100,5000,694800,43163100,41371600,19216600,5821800,13701800,9011200,2474500,4887100,16741200,20783700,8572200,25985500,7037100,11709800,7774700,4544900,5761800,3445100,4360900,7134900,5077300,2074500,2248200,1053900,678780,536900,9144300,26451500,16247800,5572700,9124000,8154600,2725900,11441800
2026-06-03,39037000,55441600,51394200,23644700,23020100,26460100,11532600,16325800,59382900,11968500,3294700,160907000,29411100,50126400,115542800,19467000,11938800,118928800,40324200,11884700,7846100,2902300,3434000,10245200,1826900,8964900,8630900,10200000,3254600,4000,364700,41072500,34316400,14154400,4871300,11359100,8862600,2096300,3905000,20986400,14716900,7737700,17622100,5029800,11903000,4373100,3884900,6635200,3499900,4951800,8595200,3927700,2181800,2079500,937800,599792,285800,8069700,29972500,9697100,5309500,5393600,6202200,2654000,8580200
2026-06-04,26899500,44055500,35609800,19993800,21469200,26752000,12304800,14487400,47120800,8833500,3322400,169022200,29110000,80979400,86903500,14185600,10915900,77325800,54917200,10518500,6488200,2534400,3229700,10974100,2248200,6729000,8277000,8253000,4214000,7300,441100,40834000,28144000,14453600,5161900,9532200,6976900,1690700,4418500,29799200,9832300,4378800,6680900,4861100,9488900,3467200,2969400,4463800,3481900,4821300,6168200,6075900,1859800,2180400,1017400,416731,308500,10214000,23339500,7454800,3785300,6032700,6060900,7611800,5619400
2026-06-05,34782200,37471200,55607800,29019900,30091600,32460800,20874000,21846500,64148700,13426300,3208900,219655500,46900600,51146100,93976400,24189200,14885100,145209400,77250500,13289000,9009200,3611300,3258600,19644200,2744600,11909400,13309000,18586000,5471100,6900,535400,38283500,31452000,13183900,4909200,7162800,6792800,1786200,4735500,20955200,7795500,4617900,8292100,3802200,11843200,4130700,3673400,5619900,3362900,3544500,5119200,7330000,2538000,3053500,1063700,786765,353500,9094700,33169300,15917900,7315000,6418700,7543900,4195400,7168100
2026-06-08,32086700,27942500,33899500,17227200,19512400,23379800,14008400,15600000,41125900,7892200,2606100,138372800,25158800,37099000,84575500,17180600,9055900,136973900,54097800,8189300,6226300,2483100,2621700,11245400,2062100,9726900,11465100,11659000,2940900,4200,579200,26978900,19737700,11177800,4728000,4925900,5632700,1776000,3180400,13349600,7009800,3460500,8365900,2873000,9541700,3629400,3327700,5814300,3058800,5405800,5624400,4790000,2100500,1842200,851900,742870,495000,6043100,24288200,8731000,5048500,5558400,5097100,5635300,7506500
2026-06-09,35317300,29535100,44425400,26040700,16977400,26865600,22699200,44142200,57349400,12308300,3341700,180962500,37799800,37026900,94754500,29906300,13397500,149623100,73448600,16221600,7278700,3137600,2725700,21199500,3151400,11731700,14466800,16366000,4262100,7900,507000,38680000,35824800,15427800,6747400,5722300,4519300,1788100,4980400,14962400,7662900,4774100,7754900,3424100,12217300,3546000,4059000,6255400,3009400,5571800,11509000,11117700,2335800,3842700,1210300,809219,479200,7334100,22744100,15750900,7378100,8180300,7966100,7863900,15432100
2026-06-10,32576000,32357100,38590200,46108300,17064000,17855600,15356600,21263300,40574500,11988300,2476300,161746600,27777400,38193500,54175100,18426600,8044600,122653500,55712600,10362000,5978300,3455000,3177000,13139700,2586400,11393800,14088500,16030000,3745800,6700,914100,30612600,20052700,10820500,5176900,6160100,3525200,1506100,5552200,10109600,6495500,3928400,5670900,3932200,9142900,4071700,5195000,5855200,2883100,5817600,6185200,6904200,3555500,5302800,1484100,864989,289800,6867400,19740500,13941100,5895300,5666800,5839500,3869900,12069600
2026-06-11,47224100,35538200,41335400,63678500,17628000,22683500,14297100,17088800,48863200,11986000,2051300,158643200,30463100,35187600,57254500,18933100,8844700,188430300,59418900,13759400,6334600,2755000,2463200,13826500,2965600,12427700,14984000,17694000,5027400,4000,559400,27554500,28321500,16666000,17786900,7804000,5042000,1149200,3133400,14136000,9672400,3810600,5731200,6705600,8639100,5104100,5127400,4756000,3286600,4625600,6979700,5408800,2639800,4261200,940200,882494,396900,5326700,24625500,13005200,5728900,6489500,4672200,3000400,11909600
2026-06-12,34865800,24704600,51186600,29562300,14326400,36215900,17131300,22661000,45354100,7292300,2409800,112001800,31553100,27600900,42047300,14123700,16494100,151169400,40785200,11926100,6285300,3189700,1774600,10362500,2529600,8055800,9253300,10056600,3322900,5200,516400,35378000,26049400,13589400,25030700,7707300,5754100,939400,2262000,9243600,6773000,4752000,3180000,4881900,9973600,3409500,4573500,8748200,2451300,4155800,5831000,4958100,2175100,2787700,1029900,436907,406200,6052500,18222800,9009800,5372900,5386600,4553700,2665200,9393000
2026-06-15,32266400,27727500,41711600,20279900,17653300,22004000,16699200,18805500,33192900,11319200,3405500,149936700,33482400,32394200,54963600,13993800,14035500,134507500,44994600,9156400,9522900,5774200,3001700,11184900,2339100,11664400,13459800,18368200,4558000,4600,469600,41748200,23018000,13541800,9676900,5917500,5812800,1269600,3359300,10184000,7394100,3498100,3349800,3205200,10284300,3832700,4455200,6925400,4018800,5285800,7790000,5346400,2336700,3428200,1095800,672152,440700,7240800,23148000,7921300,5332800,5158700,5266100,3955900,9036400
2026-06-16,31506800,24876100,35187400,16985500,11344400,42823900,14643700,20750400,32102100,8579200,1949600,125694100,28411700,31573700,59201300,19629600,12402000,132962600,45499800,9588500,15860100,5804300,2494100,10943500,1797600,10906100,12054900,14048600,3977800,5600,775500,30409900,17198400,16385300,7214600,5665800,4190700,1069100,2690600,8576000,5017100,3815800,3152500,4674000,10342600,3798600,4942900,5580400,3559300,5199800,6131900,4581900,1788700,2761100,841000,775048,1430600,8090900,16644300,7557200,5938600,5594400,6070800,4210600,8223000
2026-06-17,41987800,24543600,44780800,16616600,20478300,26674200,24392300,27044000,36100500,13185200,2556700,128363500,27085300,40005500,50607300,11955800,11692500,115324900,46149200,9182500,13569100,4593000,2292300,10934100,2322900,11045500,10900800,13213500,3527600,12900,878400,32290800,32165600,19986200,10731500,6155500,3539100,1505400,2658700,8393200,5713800,3125900,6830000,4909900,9603400,3356300,4490400,7127700,3266500,6105000,7105700,6181400,2242500,3996000,1121700,570234,1005900,6229500,18472000,7492800,5122000,5707600,5148200,2883800,8712900
2026-06-18,59714200,44470100,75624400,31386100,28824600,65546300,36625500,14554400,39394600,17471700,3908100,241272000,43805600,45076100,250989400,47081500,34221900,233906600,64642500,12178300,16683900,8424500,8151300,25817100,2406100,16781200,22686600,26167300,17958200,6800,999800,55338000,36337200,57940800,15852500,7758800,8482300,3010100,4440900,21517600,12194700,16570900,5280700,7557500,19306600,6986000,7976300,20353100,8866200,10158200,16090100,7262600,3715600,4344700,2620600,887577,462200,11130400,52284400,9353600,22605900,7520600,8360800,4297300,12819400
2026-06-22,45171100,52814800,68388500,22935400,15405500,29892800,14697600,16311300,35086500,10602200,2827700,122041400,25983200,26403700,49225100,18203400,9416900,127190600,53140800,9977600,13160100,6876000,3590100,13686200,1793300,10737300,14638600,11719800,4338500,7500,714400,56924500,24940900,20502800,8282600,6014100,4290900,2105100,3377800,13743200,5855400,3287400,5078700,5774000,11538900,2749100,4971200,7250300,3802800,6591600,9226100,7284300,2571500,3916300,1254400,513755,763200,9494400,20174100,9529700,5584000,9178100,6909900,3863800,8584800
2026-06-23,40647600,34007700,60492600,33327900,13103300,25319700,18767700,17212800,32248100,8390300,3757600,153496200,30196800,33122200,46361100,23781900,11079200,132976700,60243300,12868300,12684400,5211300,3274000,20364500,2415700,12035100,16065200,18703800,7671700,9500,612900,44661900,32559700,20720700,6910500,4511000,3280500,924000,2890600,9488000,5430500,2425600,5153800,4572200,12881700,3387400,3855400,7586600,3674000,10421600,5393800,10277700,2459000,3919200,1693200,674695,590700,7770100,22654400,10376100,6478300,5954800,4817100,3816500,10010600
2026-06-24,44509900,44997300,70282600,38305000,13963600,22104300,15286300,15648700,38885600,12690800,3044400,151810700,26548300,29938700,35747400,25519600,8663900,104591700,68935700,10421300,12214400,4259600,2786600,9991200,2028200,10726700,12016700,11543700,3256600,4700,722000,46520700,17246400,13146800,6947400,4320100,2204000,1476100,2282900,7018000,4895700,2340200,6100700,2647300,14080300,2677100,3722600,7483900,4420100,6011400,4446200,6106100,2397000,2948100,942500,590827,417500,6350600,21752900,6666200,4063500,4641200,4452700,2802000,8665500
2026-06-25,66179000,44491400,77674100,36844400,16968600,21772100,14495500,12988400,36214700,10281800,2532800,149550000,27031300,23353700,39131600,34793200,8379900,122588800,82143900,15030200,11717600,5544900,2076700,14769500,2197000,16477800,16824000,11963400,7025300,10400,914400,61840100,23735600,11324700,6957500,5414800,2837900,1370800,2975500,12028800,8961300,2354900,5865100,6233200,13477200,3541200,3633200,7233000,3985100,4483400,4209000,6305000,1896100,2750900,1524200,614863,372000,8231200,26918700,8181700,4956700,4530200,4522200,3554900,8483500
2026-06-26,186201600,114706300,248372100,36532100,18867700,47706000,13155000,47908100,50929300,20586700,15431500,179304100,52705100,34839300,41986200,37128900,7718200,99475400,86405300,16867100,23404400,9311400,3318600,17974100,2840000,28138600,19733700,21394400,11486400,5800,1027300,61360500,27314900,21267900,9172100,25607000,9628000,3468500,6244200,13329200,8269800,3692400,6467800,7936900,15654200,3922200,5487400,8925300,4450300,8131900,7800000,21988200,5273200,3654200,6309100,788638,385200,11865200,51641400,38637200,6564800,7103900,9122000,8736100,11861100
2026-06-29,51229900,34213900,77619200,34310300,15011400,21976900,14299200,20066500,34318400,11371100,4439700,148835700,26671000,24285200,31749200,21599500,8388000,106805300,60694100,11251000,11268900,5391300,1742700,14881400,1760500,14165300,14049600,14628600,5089100,5700,833900,45017400,25023100,12664100,7527300,8381900,5300300,2286900,3604600,19759200,10334700,3262700,4294900,3142900,11131300,3031600,2814800,4566900,2818600,6770600,3999000,6708600,2201100,3180500,1422500,607857,357100,8535700,22447200,10111500,6331400,7860000,5604200,4074900,6196600
2026-06-30,44945700,35237200,66228300,35926900,18111100,18789300,12870300,17984200,28300000,12590100,2895500,166476700,34488500,28517400,37520100,22056100,6267900,116996700,42152600,11454300,9277300,4187700,2532500,15074300,2712600,16461200,16885100,19909300,5022400,6000,181200,38069700,19433300,13690500,6269500,4689000,5520100,1242800,2526400,14752000,9634200,2602100,3395100,3321600,15742700,5108300,4182000,6910000,3882100,6677300,5656700,7742500,2537600,3096200,1015200,495087,232600,10281800,32465500,8072100,6066600,4428300,4246600,2445500,14418700
2026-07-01,48065800,26736400,53829900,45964000,45536300,60851900,30684800,18655200,41807500,18139600,3325200,146147600,28326800,23712600,33822700,23313200,5064700,113107200,51328100,11056500,7934200,3599800,4005600,18534800,2584700,16089200,18699300,24163600,5465800,14600,171000,58561300,26458600,14164600,5863800,5099000,3590700,1734200,2541300,10740400,7265500,3723200,4497400,3674600,9709200,8689500,5090100,4678600,4257900,4974900,6183900,6259800,2379600,2359600,1240400,739720,266400,9098200,32016000,7941300,5834800,4316200,4202800,2042900,8011500
2026-07-02,42128900,25974800,48246400,44166700,21705900,32579500,24804700,24591700,60144900,18565800,4827700,142068700,28142500,26749500,38435900,18661200,7553900,124577600,61316900,17259300,8925700,6294100,1930200,18375000,2699100,15071700,18954700,23622500,5932300,12900,153200,60641000,20227500,10486300,7903100,8093200,3036700,1612000,2832000,10423900,7697700,2594500,2762400,3102800,14281800,4267000,4254100,5279800,5123300,8802800,4301400,5898700,2601600,2360300,1273600,1017988,503600,9764500,24251000,9047500,7247100,6965900,5217800,2153800,8303100
2026-07-06,34224500,26915800,40044000,36683000,17674100,21929600,14918900,13840800,53915700,9436800,2442000,108999000,30684200,24544000,25703100,15510500,5276900,86950200,37115800,9164200,7600700,3461400,3630900,12788500,1945000,8622800,13581700,12130800,3447000,8100,109900,37360100,16524500,10595500,4800200,3900600,4756600,1265700,2076900,10190000,8752700,2162900,2867900,2434300,10274100,3362900,3395800,4922100,5757600,7295000,5046300,6428200,1764800,2882900,1123100,455590,225300,8509300,22920000,7501200,4124500,3258300,3805500,1329600,7625100
2026-07-07,29297500,24045600,40579600,47200000,18560800,23450300,17160800,15456400,42364000,11696600,5462800,124154600,29166800,24116700,36163800,16253600,7269600,140405900,52367500,14530800,7993500,4146000,3664800,14898400,1863900,12552400,15530600,17710900,6405400,7200,168100,52570400,22339400,13057900,8615000,5538400,5367400,1446200,6182600,9551200,8775700,2838700,3616400,3762700,13106300,3586400,3027300,7158800,3416100,3676700,13939100,5986600,2330000,4223700,1188300,520606,225400,8969200,16650900,7836100,7181700,5475000,3750800,1815700,5460300
2026-07-08,25908300,22094800,29653000,34607300,13606500,23876900,17925700,18267400,34991000,16079500,3356600,147419100,23768500,31624100,25541800,10306800,6128700,105488100,42979000,12048600,6870000,4935900,2380700,11411200,1424500,7535700,8029400,13082600,3194200,49300,302900,40587800,15069400,9792400,4508400,4709000,3467000,1004900,3699400,7980600,9443700,2959100,3147100,3038500,13581300,2784000,3605700,5614500,2570100,3592600,5728600,4425200,1754200,2804200,1043800,402710,298700,11912800,18314100,5727300,3473500,3873700,2586200,1826200,6263000
2026-07-09,31083200,24729100,38091700,35221900,26579700,24829300,13994700,16552400,38622400,8472100,3249200,132037400,26900800,28074000,21245300,12895200,7096500,99352500,41110700,13359300,6868500,4556500,5239800,11455600,1547400,14418000,12119700,13066400,3708100,66800,524200,35286100,14241400,13858600,4552900,3702700,6238000,960100,3012000,6283500,8537400,3116000,10176100,2820400,9389300,2807000,2907500,3842800,3807500,5548900,5113300,3946300,1706200,2327800,875300,383019,295800,9932000,21293400,6959200,3792700,4158600,5520000,2045400,6123800
2026-07-10,24644600,18146100,31654000,29843300,40608900,12714000,11490500,12361800,30169800,6590000,2358600,148421000,20704500,14595900,15106000,7064000,2770900,70846600,31768100,11022700,4814100,4051300,3303000,9595100,1218400,6279300,6890900,7447800,1571900,56300,85100,31163000,11096900,8321500,3206800,4144600,5136100,1402500,2302100,9269800,4679200,3803000,4540900,2460200,11223100,2002900,2996000,3096700,2801200,3220900,3956900,3001200,1404000,1738800,847000,293229,203400,5592500,26178700,3977000,2161500,4030200,3675800,1282900,5949200
2026-07-13,28914900,15901700,34636100,56690300,19840700,18630100,10842300,15224200,36157700,8182500,1768900,121411000,22957400,21294500,25615300,13007300,5301100,100988800,35536200,13900700,4780800,4143400,2664400,14329800,1419800,7561700,9770500,9947500,3105000,92400,323500,39786500,16607300,14020700,4624000,4195400,4213500,1573900,2119600,6475300,5374800,1655900,3669400,5449200,6741200,2754200,3613300,2842200,2362000,3459700,3357100,3720300,1682900,2258500,756900,371766,299000,9149500,17569200,6736600,6286100,3218900,3694400,1220500,5502500
2026-07-14,27863900,18259400,30108100,52670400,16748200,25969000,17928500,17439500,35274500,6777500,2473600,124379600,21201400,20118700,20705500,13090400,8484300,91129000,30835200,9630900,5293200,3771500,3037300,14279000,2529100,6513900,10699100,9033100,2111200,22400,511600,49963700,23213100,13507900,5823400,5385300,4101000,2275000,3983700,12139500,6013200,3665500,4212800,4320600,10677700,3217100,5415600,2626900,2391500,4535900,4544100,3560900,1918200,1771500,873800,346941,205700,7566300,21935600,4162800,3280900,3093700,3768900,1247200,5207600
2026-07-15,36253700,28284600,45240600,48520400,19003400,24132300,18844400,20046900,36231900,8458100,5692300,124797200,27826200,16324100,26827600,9440900,5708900,120625500,54779200,19082600,7926900,4730800,3586100,17012300,4189300,8168200,10257300,10625500,3182600,9700,771500,26064500,13784200,13328100,4771400,3791000,3229100,1103400,2942500,12002800,6703800,2341700,2530100,3440900,10258000,2119800,5504500,3303700,3482200,3321700,4539600,3873700,1946000,2693400,868700,346183,262700,8095900,23829100,5569100,3380800,5188100,4205400,1655800,7404400
2026-07-16,34338326,40951931,44640934,54322695,15736700,24807100,24829063,18217183,40499325,6627374,2979822,116253420,26933821,22216413,34563237,15119689,8439342,105837548,45784925,17014812,10446080,6147963,2347351,24793300,2568853,8355944,10331242,14751975,3610894,912,8064,28569134,18373688,8186720,5756503,3340764,3104768,1101714,2115885,7561686,5869369,2003753,5461992,2748389,6346310,2768769,6031387,2214142,2651716,3768943,3608890,5004167,3202608,2818629,1136006,396215,51624,6959331,24650071,7930278,4678163,4943536,3926185,2379621,3871700
